<Addin id="OpenSim.Data.MSSQL" version="0.1">
    <Runtime>
        <Import assembly="OpenSim.Data.MSSQL.dll"/>
    </Runtime>
    <Dependencies>
        <Addin id="OpenSim.Data" version="0.5" />
    </Dependencies>
    <Extension path = "/OpenSim/GridData">
        <Plugin id="MSSQLGridData" provider="OpenSim.Data.MSSQL.dll" type="OpenSim.Data.MSSQL.MSSQLGridData" />
    </Extension>
    <Extension path = "/OpenSim/LogData">
        <Plugin id="MSSQLLogData" provider="OpenSim.Data.MSSQL.dll" type="OpenSim.Data.MSSQL.MSSQLLogData" />
    </Extension>
    <Extension path = "/OpenSim/AssetData">
        <Plugin id="MSSQLAssetData" provider="OpenSim.Data.MSSQL.dll" type="OpenSim.Data.MSSQL.MSSQLAssetData" />
    </Extension>
    <Extension path = "/OpenSim/InventoryData">
        <Plugin id="MSSQLInventoryData" provider="OpenSim.Data.MSSQL.dll" type="OpenSim.Data.MSSQL.MSSQLInventoryData" />
    </Extension>
    <Extension path = "/OpenSim/UserData">
        <Plugin id="MSSQLUserData" provider="OpenSim.Data.MSSQL.dll" type="OpenSim.Data.MSSQL.MSSQLUserData" />
    </Extension>
</Addin>
