<?xml version="1.0" encoding="utf-8" ?>
<hibernate-mapping xmlns="urn:nhibernate-mapping-2.2">
    <class name="OpenSim.Framework.AssetBase, OpenSim.Framework" table="Assets" lazy="false">
        <id name="FullID" column="ID" type="OpenSim.Data.NHibernate.UUIDUserType, OpenSim.Data.NHibernate">
            <generator class="assigned" />
        </id>
        <property name="Type" type="OpenSim.Data.NHibernate.SByteType, OpenSim.Data.NHibernate" />
        <property name="Name" type="String" length="64" />
        <property name="Description" type="String" length="64" />
        <property name="Local" type="boolean" />
        <property name="Temporary" type="boolean" />
        <property name="Data" type="binary" />
    </class>
</hibernate-mapping>
