<?xml version="1.0" encoding="utf-8" ?>
<hibernate-mapping xmlns="urn:nhibernate-mapping-2.2">
    <class name="OpenSim.Framework.EstateSettings, OpenSim.Framework" table="EstateSettings" lazy="false">
        
        <id name="EstateID" column="EstateID" type="OpenSim.Data.NHibernate.UInt32Type, OpenSim.Data.NHibernate"> 
          <generator class="increment" /> 
        </id>

        <property name="ParentEstateID" type="OpenSim.Data.NHibernate.UInt32Type, OpenSim.Data.NHibernate" />
        <property name="EstateOwner" column="EstateOwnerID" type="OpenSim.Data.NHibernate.UUIDUserType, OpenSim.Data.NHibernate" />
        
        <property name="EstateName" column="Name" type="String" length="64" />

        <property name="RedirectGridX" type="System.Int32" />
        <property name="RedirectGridY" type="System.Int32" />

        <property name="BillableFactor" type="System.Single" />
        <property name="PricePerMeter" type="System.Int32" />                
        <property name="SunPosition" type="System.Double" />

        <property name="UseGlobalTime" type="System.Boolean" />
        <property name="FixedSun" type="System.Boolean" />
        <property name="AllowVoice" type="System.Boolean" />
        <property name="AllowDirectTeleport" type="System.Boolean" />
        <property name="ResetHomeOnTeleport" type="System.Boolean" />
        <property name="PublicAccess" type="System.Boolean" />
        <property name="DenyAnonymous" type="System.Boolean" />
        <property name="DenyIdentified" type="System.Boolean" />
        <property name="DenyTransacted" type="System.Boolean" />
        <property name="DenyMinors" type="System.Boolean" />
        <property name="BlockDwell" type="System.Boolean" />
        <property name="EstateSkipScripts" type="System.Boolean" />
        <property name="TaxFree" type="System.Boolean" />
        <property name="AbuseEmailToEstateOwner" type="System.Boolean" />
      
        <property name="AbuseEmail" type="String" length="255" />

        <array name="EstateManagers" table="EstateManagers" cascade="all">
          <key column="EstateID" />
          <index column="ArrayIndex" />
          <element column="ManagerID" type="OpenSim.Data.NHibernate.UUIDUserType, OpenSim.Data.NHibernate" />
        </array>

        <array name="EstateAccess" table="EstateUsers" cascade="all">
          <key column="EstateID" />
          <index column="ArrayIndex" />
          <element column="UserID" type="OpenSim.Data.NHibernate.UUIDUserType, OpenSim.Data.NHibernate" />
        </array>

        <array name="EstateGroups" table="EstateGroups" cascade="all">
          <key column="EstateID" />
          <index column="ArrayIndex" />
          <element column="GroupID" type="OpenSim.Data.NHibernate.UUIDUserType, OpenSim.Data.NHibernate" />
        </array>

        <array name="EstateBans" table="EstateBans" cascade="all">
          <key column="EstateID" />
          <index column="ArrayIndex" />          
          <composite-element class="OpenSim.Framework.EstateBan, OpenSim.Framework">
            <property name="BannedUserID" column="BannedUserID" type="OpenSim.Data.NHibernate.UUIDUserType, OpenSim.Data.NHibernate"/>
            <property name="BannedHostAddress" column="BannedHostAddress" type="String" length="16"/>
            <property name="BannedHostIPMask" column="BannedHostIPMask" type="String" length="16"/>
            <property name="BannedHostNameMask" column="BannedHostNameMask" type="String" length="16"/>
          </composite-element>
        </array>
      
    </class>
</hibernate-mapping>
