<?xml version="1.0" encoding="utf-8" ?>
<hibernate-mapping xmlns="urn:nhibernate-mapping-2.2">
    <class name="OpenSim.Framework.InventoryItemBase, OpenSim.Framework" table="InventoryItems" lazy="false">
        <id name="ID" type="OpenSim.Data.NHibernate.UUIDUserType, OpenSim.Data.NHibernate"> 
            <generator class="assigned" /> 
        </id> 
        <property name="InvType" type="System.Int32" />
        <property name="AssetType" type="System.Int32" />
        <property name="AssetID" type="OpenSim.Data.NHibernate.UUIDUserType, OpenSim.Data.NHibernate" />
        <property name="Folder" index="item_folder_id" type="OpenSim.Data.NHibernate.UUIDUserType, OpenSim.Data.NHibernate" />
        <property name="Owner" index="item_owner_id" type="OpenSim.Data.NHibernate.UUIDUserType, OpenSim.Data.NHibernate" />
        <property name="CreatorId" type="string" column="Creator"/>
        <property name="Name" type="String" length="64" />
        <property name="Description" type="String" length="64" />
        <property name="NextPermissions" type="OpenSim.Data.NHibernate.UInt32Type, OpenSim.Data.NHibernate" />
        <property name="CurrentPermissions" type="OpenSim.Data.NHibernate.UInt32Type, OpenSim.Data.NHibernate" />
        <property name="BasePermissions" type="OpenSim.Data.NHibernate.UInt32Type, OpenSim.Data.NHibernate" />
        <property name="EveryOnePermissions" type="OpenSim.Data.NHibernate.UInt32Type, OpenSim.Data.NHibernate" />
        <property name="GroupID" index="item_group_id" type="OpenSim.Data.NHibernate.UUIDUserType, OpenSim.Data.NHibernate" />
        <property name="GroupOwned" type="boolean" />
        <property name="SalePrice" type="System.Int32" />
        <property name="SaleType" type="System.Byte" />
        <property name="Flags" type="OpenSim.Data.NHibernate.UInt32Type, OpenSim.Data.NHibernate" />
        <property name="CreationDate" type="System.Int32" />
    </class>
</hibernate-mapping>
