<?xml version="1.0" encoding="utf-8" ?>
<hibernate-mapping xmlns="urn:nhibernate-mapping-2.2">
    <class name="OpenSim.Framework.InventoryFolderBase, OpenSim.Framework" table="InventoryFolders" lazy="false">
        <id name="ID" type="OpenSim.Data.NHibernate.UUIDUserType, OpenSim.Data.NHibernate">
            <generator class="assigned" /> 
        </id> 
        <property name="Type" type="Int16" />
        <property name="Version" type="OpenSim.Data.NHibernate.UInt16Type, OpenSim.Data.NHibernate" />
        <property name="ParentID" index="folder_parent_id" type="OpenSim.Data.NHibernate.UUIDUserType, OpenSim.Data.NHibernate" />
        <property name="Owner" index="folder_owner_id" type="OpenSim.Data.NHibernate.UUIDUserType, OpenSim.Data.NHibernate" />
        <property name="Name" type="String" length="64" />
    </class>
</hibernate-mapping>
