<Addin id="OpenSim.Data.NHibernate" version="0.1">
    <Runtime>
        <Import assembly="OpenSim.Data.NHibernate.dll"/>
    </Runtime>
    <Dependencies>
        <Addin id="OpenSim.Data" version="0.5" />
    </Dependencies>
    <Extension path = "/OpenSim/GridData">
        <Plugin id="NHibernateGridData" provider="OpenSim.Data.NHibernate.dll" type="OpenSim.Data.NHibernate.NHibernateGridData" />
    </Extension>
  <!-- <Extension path = "/OpenSim/LogData">
        <Plugin id="MySQLLogData" provider="OpenSim.Data.MySQL.dll" type="OpenSim.Data.MySQL.MySQLLogData" />
    </Extension> -->
    <Extension path = "/OpenSim/AssetData">
        <Plugin id="NHibernateAssetData" provider="OpenSim.Data.NHibernate.dll" type="OpenSim.Data.NHibernate.NHibernateAssetData" />
    </Extension>
    <Extension path = "/OpenSim/InventoryData">
        <Plugin id="NHibernateInventoryData" provider="OpenSim.Data.NHibernate.dll" type="OpenSim.Data.NHibernate.NHibernateInventoryData" />
    </Extension>
    <Extension path = "/OpenSim/UserData">
        <Plugin id="NHibernateUserData" provider="OpenSim.Data.NHibernate.dll" type="OpenSim.Data.NHibernate.NHibernateUserData" />
    </Extension>
</Addin>
