<?xml version="1.0" encoding="utf-8" ?>
<hibernate-mapping xmlns="urn:nhibernate-mapping-2.2">
    <class name="OpenSim.Framework.UserProfileData, OpenSim.Framework" table="UserProfiles" lazy="false">
        <id name="ID" type="OpenSim.Data.NHibernate.UUIDUserType, OpenSim.Data.NHibernate"> 
            <generator class="assigned" /> 
        </id>
        <property name="WebLoginKey" type="OpenSim.Data.NHibernate.UUIDUserType, OpenSim.Data.NHibernate" />
        <property name="FirstName" index="UserFirstNameIndex" type="String" length="32" />
        <property name="SurName" index="UserSurnameIndex" type="String" length="32" />
        <property name="Email" type="String" length="250" />
        <property name="PasswordHash" type="String" length="32" />
        <property name="PasswordSalt" type="String" length="32" />
        <property name="HomeRegionID" type="OpenSim.Data.NHibernate.UUIDUserType, OpenSim.Data.NHibernate" />
        <property name="HomeRegionX" type="OpenSim.Data.NHibernate.UInt32Type, OpenSim.Data.NHibernate" />
        <property name="HomeRegionY" type="OpenSim.Data.NHibernate.UInt32Type, OpenSim.Data.NHibernate" />
        <property name="HomeLocationX" type="Single" />
        <property name="HomeLocationY" type="Single" />
        <property name="HomeLocationZ" type="Single" />
        <property name="HomeLookAtX" type="Single" />
        <property name="HomeLookAtY" type="Single" />
        <property name="HomeLookAtZ" type="Single" />
        <property name="Created" type="Int32" />
        <property name="LastLogin" type="Int32" />
        <property name="UserInventoryURI" type="String" length="255"/>
        <property name="UserAssetURI" type="String" length="255"/>
        <property name="Image" type="OpenSim.Data.NHibernate.UUIDUserType, OpenSim.Data.NHibernate" />
        <property name="FirstLifeImage" type="OpenSim.Data.NHibernate.UUIDUserType, OpenSim.Data.NHibernate" />
        <property name="AboutText" type="String" length="255" />
        <property name="FirstLifeAboutText" type="String" length="255" />
        <property name="CanDoMask" type="OpenSim.Data.NHibernate.UInt32Type, OpenSim.Data.NHibernate" />
        <property name="WantDoMask" type="OpenSim.Data.NHibernate.UInt32Type, OpenSim.Data.NHibernate" />
        <property name="UserFlags" type="Int32" />
        <property name="GodLevel" type="Int32" />
        <property name="CustomType" type="String" length="32" />
        <property name="Partner" type="OpenSim.Data.NHibernate.UUIDUserType, OpenSim.Data.NHibernate" />
        <property name="RootInventoryFolderID" type="OpenSim.Data.NHibernate.UUIDUserType, OpenSim.Data.NHibernate" />
    </class>
</hibernate-mapping>
