<?xml version="1.0" encoding="utf-8" ?>
<hibernate-mapping xmlns="urn:nhibernate-mapping-2.2">
    <class name="OpenSim.Data.NHibernate.UserFriend, OpenSim.Data.NHibernate" table="UserFriends" lazy="false">
        <id name="UserFriendID" type="OpenSim.Data.NHibernate.UUIDUserType, OpenSim.Data.NHibernate"> 
            <generator class="assigned" /> 
        </id>
        <property name="OwnerID" type="OpenSim.Data.NHibernate.UUIDUserType, OpenSim.Data.NHibernate" />
        <property name="FriendID" type="OpenSim.Data.NHibernate.UUIDUserType, OpenSim.Data.NHibernate" />
        <property name="FriendPermissions" type="OpenSim.Data.NHibernate.UInt32Type, OpenSim.Data.NHibernate" />
    </class>
</hibernate-mapping>
