<?xml version="1.0" encoding="UTF-8"?><?xml-stylesheet type='text/xsl' href='_UpgradeReport_Files/UpgradeReport.xslt'?><UpgradeLog>
<Properties><Property Name="Solution" Value="SmartDog">
</Property><Property Name="Solution File" Value="C:\Users\Tolya\Documents\Visual Studio 2010\Projects\SmartDog\SmartDog.sln">
</Property><Property Name="Date" Value="Sunday, September 05, 2010">
</Property><Property Name="Time" Value="17:44 PM">
</Property></Properties><Event ErrorLevel="0" Project="SmartDog" Source="SmartDog.csproj" Description="Project converted successfully">
</Event><Event ErrorLevel="3" Project="SmartDog" Source="SmartDog.csproj" Description="Converted">
</Event><Event ErrorLevel="0" Project="" Source="SmartDog.sln" Description="Solution converted successfully">
</Event><Event ErrorLevel="3" Project="" Source="SmartDog.sln" Description="Converted">
</Event><Event ErrorLevel="0" Project="SmartDog" Source="SmartDog.csproj" Description="Scan complete: Upgrade not required for project files.">
</Event></UpgradeLog>