<Addin id="OpenSim.Data.SQLite" version="0.1">
    <Runtime>
        <Import assembly="OpenSim.Data.SQLite.dll"/>
    </Runtime>
    <Dependencies>
        <Addin id="OpenSim.Data" version="0.5" />
    </Dependencies>
    <Extension path = "/OpenSim/GridData">
        <Plugin id="SQLiteGridData" provider="OpenSim.Data.SQLite.dll" type="OpenSim.Data.SQLite.SQLiteGridData" />
    </Extension>
    <Extension path = "/OpenSim/AssetData">
        <Plugin id="SQLiteAssetData" provider="OpenSim.Data.SQLite.dll" type="OpenSim.Data.SQLite.SQLiteAssetData" />
    </Extension>
    <Extension path = "/OpenSim/InventoryData">
        <Plugin id="SQLiteInventoryData" provider="OpenSim.Data.SQLite.dll" type="OpenSim.Data.SQLite.SQLiteInventoryStore" />
    </Extension>
    <Extension path = "/OpenSim/UserData">
        <Plugin id="SQLiteUserData" provider="OpenSim.Data.SQLite.dll" type="OpenSim.Data.SQLite.SQLiteUserData" />
    </Extension>
</Addin>
